DECLARE
    TIME_DATE DATE;
    TIME_HOUR NUMBER;
    DAY_SHIFT CONSTANT NUMBER := 6; -- 2017 начинается с воскресенья
BEGIN
  FOR DAY IN 1..356 LOOP
    -- справочник "Производственный календарь"
    -- TIME_ID, TIME_DATE, TIME_HOUR;
    TIME_DATE := TO_DATE(TO_CHAR(DAY) || '.2017', 'DDD.YYYY');
    TIME_HOUR := SIGN(MOD(DAY + DAY_SHIFT, 7)) * SIGN(ABS(MOD(DAY + DAY_SHIFT, 7) - 6)) * 8;
    INSERT INTO TIMETABLE
        VALUES (DAY, TIME_DATE, TIME_HOUR);
  END LOOP;

  -- Новогодние будни-праздники
  UPDATE TIMETABLE SET TIME_HOUR=0 WHERE TIME_DATE = TO_DATE('02.01.2017','DD.MM.YYYY');
  UPDATE TIMETABLE SET TIME_HOUR=0 WHERE TIME_DATE = TO_DATE('03.01.2017','DD.MM.YYYY');
  UPDATE TIMETABLE SET TIME_HOUR=0 WHERE TIME_DATE = TO_DATE('04.01.2017','DD.MM.YYYY');
  UPDATE TIMETABLE SET TIME_HOUR=0 WHERE TIME_DATE = TO_DATE('05.01.2017','DD.MM.YYYY');
  UPDATE TIMETABLE SET TIME_HOUR=0 WHERE TIME_DATE = TO_DATE('06.01.2017','DD.MM.YYYY');
  -- 23-февраля
  UPDATE TIMETABLE SET TIME_HOUR=0 WHERE TIME_DATE = TO_DATE('23.02.2017','DD.MM.YYYY');
  UPDATE TIMETABLE SET TIME_HOUR=0 WHERE TIME_DATE = TO_DATE('24.02.2017','DD.MM.YYYY');
  -- 8-е марта
  UPDATE TIMETABLE SET TIME_HOUR=0 WHERE TIME_DATE = TO_DATE('08.03.2017','DD.MM.YYYY');
  -- 1-е мая
  UPDATE TIMETABLE SET TIME_HOUR=0 WHERE TIME_DATE = TO_DATE('01.05.2017','DD.MM.YYYY');
  -- 9-е мая
  UPDATE TIMETABLE SET TIME_HOUR=0 WHERE TIME_DATE = TO_DATE('08.05.2017','DD.MM.YYYY');
  UPDATE TIMETABLE SET TIME_HOUR=0 WHERE TIME_DATE = TO_DATE('09.05.2017','DD.MM.YYYY');
  -- 12 июня
  UPDATE TIMETABLE SET TIME_HOUR=0 WHERE TIME_DATE = TO_DATE('12.06.2017','DD.MM.YYYY');
  -- 6 нояюря
  UPDATE TIMETABLE SET TIME_HOUR=0 WHERE TIME_DATE = TO_DATE('06.11.2017','DD.MM.YYYY');
  -- таблица ORGANIZATIONS
  INSERT INTO ORGANIZATIONS (ORG_ID, ORG_S_NAME, OGR_F_NAME, ORG_INN, ORG_LEG_ADD, ORG_ACT_ADD, ORG_PRE) VALUES (0, 'Мего код', 'ООО "МЕГА КОД"', '6669996660', 'Ижевск, Инд. р., ул. Л. Толстого, 11', 'Ижевск, Инд. р., ул. Л. Толстого, 11', 'SPC');
  INSERT INTO ORGANIZATIONS (ORG_ID, ORG_S_NAME, OGR_F_NAME, ORG_INN, ORG_LEG_ADD, ORG_ACT_ADD, ORG_PRE) VALUES (1, 'Ижтрейдинг', 'ООО "ИЖТРЕЙДИНГ"', '1833036726', '426039, г Ижевск, Воткинское шоссе,178а', '426039, г Ижевск, Воткинское шоссе,178а', 'IZT');
  INSERT INTO ORGANIZATIONS (ORG_ID, ORG_S_NAME, OGR_F_NAME, ORG_INN, ORG_LEG_ADD, ORG_ACT_ADD, ORG_PRE) VALUES (2, 'Вкусный дом', 'ООО "ВКУСНЫЙ ДОМ"', '1831133410', '426000, г Ижевск, Воткинское шоссе,17', '426000, г Ижевск, Воткинское шоссе,17', 'VKD');
  INSERT INTO ORGANIZATIONS (ORG_ID, ORG_S_NAME, OGR_F_NAME, ORG_INN, ORG_LEG_ADD, ORG_ACT_ADD, ORG_PRE) VALUES (3, 'Пятерочка', 'ООО "ПЯТЕРОЧКА РЕГИОНЫ"', '7811339968', '192019, Г САНКТ-ПЕТЕРБУРГ, УЛ ГЛАЗУРНАЯ, 10 ЛИТЕР А', '192019, Г САНКТ-ПЕТЕРБУРГ, УЛ ГЛАЗУРНАЯ, 10 ЛИТЕР А', 'PTR');
  INSERT INTO ORGANIZATIONS (ORG_ID, ORG_S_NAME, OGR_F_NAME, ORG_INN, ORG_LEG_ADD, ORG_ACT_ADD, ORG_PRE) VALUES (4, 'Магнит', 'ООО "МАГНИТ"', '1831086930', '426052, г Ижевск, ул Лесозаводская,23/164', 'Г ИЖЕВСК,УЛ 30 ЛЕТ ПОБЕДЫ,68', 'MGT');
  -- таблица SUBDIVISIONS
  INSERT INTO SUBDIVISIONS (SUB_ID, SUB_NAME, ORG_ID, SUB_ROLE, SUB_REG, SUB_PARENT_ID) VALUES (1, 'Администрация', 0, 'Управление', 1, NULL);
  INSERT INTO SUBDIVISIONS (SUB_ID, SUB_NAME, ORG_ID, SUB_ROLE, SUB_REG, SUB_PARENT_ID) VALUES (2, 'Маркетинг', 0, 'Продажа услуг приложения', 1, 1);
  INSERT INTO SUBDIVISIONS (SUB_ID, SUB_NAME, ORG_ID, SUB_ROLE, SUB_REG, SUB_PARENT_ID) VALUES (3, 'Разработчики', 1, 'Создание и поддержка приложений', 1, NULL);
  INSERT INTO SUBDIVISIONS (SUB_ID, SUB_NAME, ORG_ID, SUB_ROLE, SUB_REG, SUB_PARENT_ID) VALUES (4, 'Отдел тестирования', 1, 'Контроль качества приложения', 1, 3);
  INSERT INTO SUBDIVISIONS (SUB_ID, SUB_NAME, ORG_ID, SUB_ROLE, SUB_REG, SUB_PARENT_ID) VALUES (5, 'Совет директоров', 2, 'Политика компании', 1, NULL);
  INSERT INTO SUBDIVISIONS (SUB_ID, SUB_NAME, ORG_ID, SUB_ROLE, SUB_REG, SUB_PARENT_ID) VALUES (6, 'Отдел топ менеджмента', 2, 'Исполнители', 1, 5);
  INSERT INTO SUBDIVISIONS (SUB_ID, SUB_NAME, ORG_ID, SUB_ROLE, SUB_REG, SUB_PARENT_ID) VALUES (7, 'Маркетологи', 3, 'Разработка и поддержка брэнда', 1, NULL);
  INSERT INTO SUBDIVISIONS (SUB_ID, SUB_NAME, ORG_ID, SUB_ROLE, SUB_REG, SUB_PARENT_ID) VALUES (8, 'Отдел продаж', 3, 'Предоставление услуг клиентам', 1, 7);
  INSERT INTO SUBDIVISIONS (SUB_ID, SUB_NAME, ORG_ID, SUB_ROLE, SUB_REG, SUB_PARENT_ID) VALUES (9, 'Проектировщики баз данных', 4, 'Управление базами данных', 1, NULL);
  INSERT INTO SUBDIVISIONS (SUB_ID, SUB_NAME, ORG_ID, SUB_ROLE, SUB_REG, SUB_PARENT_ID) VALUES (10, 'Разработчки ПО', 4, 'Разработка приложения', 1, 9);
  -- таблица POSITIONS
  INSERT INTO POSITIONS (POS_ID, ORG_ID, POS_NAME, POS_SALARY, POS_IS_GROUP, POS_PARENT_ID) VALUES (1, 0, 'Дизайнер', 20000, 0, NULL);
  INSERT INTO POSITIONS (POS_ID, ORG_ID, POS_NAME, POS_SALARY, POS_IS_GROUP, POS_PARENT_ID) VALUES (2, 0, 'Программист', 20000, 0, NULL);
  INSERT INTO POSITIONS (POS_ID, ORG_ID, POS_NAME, POS_SALARY, POS_IS_GROUP, POS_PARENT_ID) VALUES (3, 0, 'Маркетолог', 18000, 0, NULL);
  INSERT INTO POSITIONS (POS_ID, ORG_ID, POS_NAME, POS_SALARY, POS_IS_GROUP, POS_PARENT_ID) VALUES (4, 1, 'Тестировщик', 25000, 1, NULL);
  INSERT INTO POSITIONS (POS_ID, ORG_ID, POS_NAME, POS_SALARY, POS_IS_GROUP, POS_PARENT_ID) VALUES (5, 1, 'Системный администратор', 20000, 0, NULL);
  INSERT INTO POSITIONS (POS_ID, ORG_ID, POS_NAME, POS_SALARY, POS_IS_GROUP, POS_PARENT_ID) VALUES (6, 1, 'Менеджер проекта', 25800, 0, NULL);
  INSERT INTO POSITIONS (POS_ID, ORG_ID, POS_NAME, POS_SALARY, POS_IS_GROUP, POS_PARENT_ID) VALUES (7, 2, 'Менеджер по работе с персоналом', 17600, 1, NULL);
  INSERT INTO POSITIONS (POS_ID, ORG_ID, POS_NAME, POS_SALARY, POS_IS_GROUP, POS_PARENT_ID) VALUES (8, 2, 'Бухгалтер', 21500, 0, NULL);
  INSERT INTO POSITIONS (POS_ID, ORG_ID, POS_NAME, POS_SALARY, POS_IS_GROUP, POS_PARENT_ID) VALUES (9, 2, 'Директор', 50000, 0, NULL);
  INSERT INTO POSITIONS (POS_ID, ORG_ID, POS_NAME, POS_SALARY, POS_IS_GROUP, POS_PARENT_ID) VALUES (10, 3, 'Дизайнер по персонажам', 22000, 1, NULL);
  INSERT INTO POSITIONS (POS_ID, ORG_ID, POS_NAME, POS_SALARY, POS_IS_GROUP, POS_PARENT_ID) VALUES (11, 3, 'Дазайнер ландшафтов', 35000, 0, NULL);
  INSERT INTO POSITIONS (POS_ID, ORG_ID, POS_NAME, POS_SALARY, POS_IS_GROUP, POS_PARENT_ID) VALUES (12, 3, 'Разработчик', 20000, 0, NULL);
  INSERT INTO POSITIONS (POS_ID, ORG_ID, POS_NAME, POS_SALARY, POS_IS_GROUP, POS_PARENT_ID) VALUES (13, 4, 'Разработчик сюжета', 32000, 0, NULL);
  INSERT INTO POSITIONS (POS_ID, ORG_ID, POS_NAME, POS_SALARY, POS_IS_GROUP, POS_PARENT_ID) VALUES (14, 4, 'Разработчик навыков', 32000, 0, NULL);
  INSERT INTO POSITIONS (POS_ID, ORG_ID, POS_NAME, POS_SALARY, POS_IS_GROUP, POS_PARENT_ID) VALUES (15, 4, 'Аналитик', 25000, 0, NULL);
  INSERT INTO POSITIONS (POS_ID, ORG_ID, POS_NAME, POS_SALARY, POS_IS_GROUP, POS_PARENT_ID) VALUES (16, 1, 'SEO-специалист', 20000, 0, 4);
  INSERT INTO POSITIONS (POS_ID, ORG_ID, POS_NAME, POS_SALARY, POS_IS_GROUP, POS_PARENT_ID) VALUES (17, 2, 'SMM-специалист', 20000, 0, 7);
  INSERT INTO POSITIONS (POS_ID, ORG_ID, POS_NAME, POS_SALARY, POS_IS_GROUP, POS_PARENT_ID) VALUES (18, 3, 'Специалист по рекламе', 18000, 0, 10);
  -- таблица EMPLOYEES
  INSERT INTO EMPLOYEES (EMP_ID, EMP_NAME, EMP_DATE, EMP_PASS, EMP_INN) VALUES (1, 'Иванов Аркадий Акакиевич', TO_DATE('30.03.1991', 'DD.MM.YYYY'), '9410 1234 выдан отделом УФМС России по УР в Октябрьском р-не гор. Ижевска 17.02.2010', '183454321234');
  INSERT INTO EMPLOYEES (EMP_ID, EMP_NAME, EMP_DATE, EMP_PASS, EMP_INN) VALUES (2, 'Абрикосов Алексей Алексеевич', TO_DATE('15.09.1975', 'DD.MM.YYYY'), '9415 9839 выдан отделом УФМС России по УР в Ленинском р-не гор. Ижевска 30.05.2005', '185678769876');
  INSERT INTO EMPLOYEES (EMP_ID, EMP_NAME, EMP_DATE, EMP_PASS, EMP_INN) VALUES (3, 'Алферов Жорес Иванович', TO_DATE('18.10.1934', 'DD.MM.YYYY'), '9440 9843 выдан Индустриальным РОВД гор. Ижевска 15.12.2015', '189064783652');
  INSERT INTO EMPLOYEES (EMP_ID, EMP_NAME, EMP_DATE, EMP_PASS, EMP_INN) VALUES (4, 'Никогдаев Марат Ашанович', TO_DATE('22.05.1976', 'DD.MM.YYYY'), '9432 8315 выдан Устиновским РОВД гор. Ижевска 16.07.2000', '186479382035');
  INSERT INTO EMPLOYEES (EMP_ID, EMP_NAME, EMP_DATE, EMP_PASS, EMP_INN) VALUES (5, 'Миловашкин Никита Любовин', TO_DATE('26.08.1968', 'DD.MM.YYYY'), '9400 8314 выдан Индустриальным РОВД гор. Ижевска 15.09.2013', '182345983765');
  INSERT INTO EMPLOYEES (EMP_ID, EMP_NAME, EMP_DATE, EMP_PASS, EMP_INN) VALUES (6, 'Мимишкина Анастасия Арсеньевна', TO_DATE('26.07.1980', 'DD.MM.YYYY'), '9430 4731 выдан отделом УФМС России по УР в Ленинском р-не гор. Ижевска 23.03.2010', '182091850392');
  INSERT INTO EMPLOYEES (EMP_ID, EMP_NAME, EMP_DATE, EMP_PASS, EMP_INN) VALUES (7, 'Улюлюкина Мирана Дьяволовна', TO_DATE('07.01.1972', 'DD.MM.YYYY'), '9411 4542 выдан Индустриальным РОВД гор. Ижевска 23.01.1992', '182345678765');
  INSERT INTO EMPLOYEES (EMP_ID, EMP_NAME, EMP_DATE, EMP_PASS, EMP_INN) VALUES (8, 'Ненавистина Мария Предметовна', NULL, '9413 3913 выдан Ленинским РОВД гор. Ижевска 31.01.2008', '189098765432');
  -- таблица ABSENCE
  INSERT INTO ABSENCE (ABS_ID, ABS_NAME, ABS_COEF, ABS_MAX_DAYS) VALUES (1, 'Прогул', 0, 1);
  INSERT INTO ABSENCE (ABS_ID, ABS_NAME, ABS_COEF, ABS_MAX_DAYS) VALUES (2, 'Больничный', 1, 366);
  INSERT INTO ABSENCE (ABS_ID, ABS_NAME, ABS_COEF, ABS_MAX_DAYS) VALUES (3, 'Очередной отпуск', 1, 28);
  INSERT INTO ABSENCE (ABS_ID, ABS_NAME, ABS_COEF, ABS_MAX_DAYS) VALUES (4, 'Отпуск за свой счёт', 0, 56);
  -- таблица POSITIONS_EMPLOYEES
  INSERT INTO POSITIONS_EMPLOYEES (PE_VALID_SINCE, ORG_ID, SUB_ID, EMP_ID, POS_ID, PE_RATE, PE_SALARY, PE_STATE) VALUES (TO_DATE('21.09.2017','DD.MM.YYYY'), 0, 1, 1, 1, 1, 50000, 1);
  INSERT INTO POSITIONS_EMPLOYEES (PE_VALID_SINCE, ORG_ID, SUB_ID, EMP_ID, POS_ID, PE_RATE, PE_SALARY, PE_STATE) VALUES (TO_DATE('22.09.2017','DD.MM.YYYY'), 1, 3, 2, 4, 1, 20000, 1);
  INSERT INTO POSITIONS_EMPLOYEES (PE_VALID_SINCE, ORG_ID, SUB_ID, EMP_ID, POS_ID, PE_RATE, PE_SALARY, PE_STATE) VALUES (TO_DATE('23.09.2017','DD.MM.YYYY'), 2, 5, 3, 7, 1, 21500, 1);
  INSERT INTO POSITIONS_EMPLOYEES (PE_VALID_SINCE, ORG_ID, SUB_ID, EMP_ID, POS_ID, PE_RATE, PE_SALARY, PE_STATE) VALUES (TO_DATE('24.09.2017','DD.MM.YYYY'), 3, 7, 4, 10, 1, 32000, 1);
  INSERT INTO POSITIONS_EMPLOYEES (PE_VALID_SINCE, ORG_ID, SUB_ID, EMP_ID, POS_ID, PE_RATE, PE_SALARY, PE_STATE) VALUES (TO_DATE('25.09.2017','DD.MM.YYYY'), 4, 9, 5, 13, 1, 17600, 1);
  INSERT INTO POSITIONS_EMPLOYEES (PE_VALID_SINCE, ORG_ID, SUB_ID, EMP_ID, POS_ID, PE_RATE, PE_SALARY, PE_STATE) VALUES (TO_DATE('26.09.2017','DD.MM.YYYY'), 0, 2, 6, 1, 1, 18000, 1);
  INSERT INTO POSITIONS_EMPLOYEES (PE_VALID_SINCE, ORG_ID, SUB_ID, EMP_ID, POS_ID, PE_RATE, PE_SALARY, PE_STATE) VALUES (TO_DATE('01.10.2017','DD.MM.YYYY'), 1, 4, 7, 5, 1, 20000, 1);
  INSERT INTO POSITIONS_EMPLOYEES (PE_VALID_SINCE, ORG_ID, SUB_ID, EMP_ID, POS_ID, PE_RATE, PE_SALARY, PE_STATE) VALUES (TO_DATE('02.10.2017','DD.MM.YYYY'), 2, 6, 8, 8, 1, 20000, 1);
  INSERT INTO POSITIONS_EMPLOYEES (PE_VALID_SINCE, ORG_ID, SUB_ID, EMP_ID, POS_ID, PE_RATE, PE_SALARY, PE_STATE) VALUES (TO_DATE('03.10.2017','DD.MM.YYYY'), 0, 1, 1, 1, 1, 35000, 0);
  INSERT INTO POSITIONS_EMPLOYEES (PE_VALID_SINCE, ORG_ID, SUB_ID, EMP_ID, POS_ID, PE_RATE, PE_SALARY, PE_STATE) VALUES (TO_DATE('04.10.2017','DD.MM.YYYY'), 1, 3, 1, 6, 1, 25800, 1);
END;
